inst_name,address,state_abbr,zip,city
Berkshire Community College,1350 West Street,MA,01201-5786,Pittsfield
Bristol Community College,777 Elsbree St,MA,02720-7395,Fall River
Bunker Hill Community College,250 New Rutherford Ave,MA,02129-2925,Boston
Cape Cod Community College,2240 Iyannough Rd,MA,02668-1532,West Barnstable
Greenfield Community College,1 College Dr,MA,01301-9739,Greenfield
Holyoke Community College,303 Homestead Ave,MA,01040-1091,Holyoke
Massachusetts Bay Community College,50 Oakland St,MA,02481-5399,Wellesley Hills
Massasoit Community College,1 Massasoit Blvd,MA,02302-3996,Brockton
Middlesex Community College,591 Springs Rd,MA,01730-9124,Bedford
Mount Wachusett Community College,444 Green St,MA,01440-1000,Gardner
North Shore Community College,1 Ferncroft Rd,MA,01923-0840,Danvers
Northern Essex Community College,100 Elliott Street,MA,01830-2399,Haverhill
Quinsigamond Community College,670 West Boylston Street,MA,01606-2092,Worcester
Roxbury Community College,1234 Columbus Ave,MA,02120-3400,Roxbury Crossing
Springfield Technical Community College,1 Armory Sq,MA,01105-1296,Springfield